input_deg,output_deg,omega_output,alpha_output,transmission_deg,coupler_x,coupler_y
0.0,81.84642377262611,-0.5384615384615385,0.798639755153185,35.79845958619361,61.15212108316693,58.824455482829386
1.0,81.31501783463324,-0.5242653943245627,0.827839503063967,35.80439269466431,61.69730773676225,59.18744305633064
2.0,80.7980579202752,-0.5095744927814968,0.8553200293729462,35.822185105770124,62.22685295835066,59.54632282992938
3.0000000000000004,80.29602353528533,-0.49441957698372385,0.8809989045178518,35.851816110671336,62.740241227015595,59.90124721558541
4.0,79.80936275877835,-0.47883272078189226,0.9048061527381001,35.89325130782023,63.23698861148769,60.25237808960129
5.0,79.33849102252567,-0.4628471076114469,0.9266846526190259,35.94644277132131,63.71664401907624,60.59988481498628
6.000000000000001,78.88379011432119,-0.44649680394658753,0.9465903588715087,36.01132928382867,64.17879019174654,60.94394225915326
7.0,78.44560740931017,-0.42981653043547874,0.9644923468454468,36.08783663124637,64.62304444863292,61.284728830799494
8.0,78.02425533006655,-0.41284143376882493,0.9803726851926674,36.17587795581761,65.04905917790637,61.622424558538796
9.0,77.62001103320891,-0.3956068622074243,0.9942261456994819,36.2753541635754,65.45652208431315,61.957209232180986
10.0,77.23311631750863,-0.37814814750839654,1.0060597624937075,36.38615438160011,65.84515620179634,62.28926062555605
11.0,76.86377774581901,-0.3605003957526077,1.0158922555108336,36.508156460089445,66.21471968335345,62.61875281752499
12.000000000000002,76.51216697078698,-0.34269828929670304,1.0237533352200183,36.641227513900745,66.56500538262915,62.94585462537913
13.0,76.17842125224041,-0.32477590176231075,1.0296829071299272,36.785224497980906,66.89584024366297,63.27072816227514
14.0,75.86264415239444,-0.30676652764286977,1.033730195510578,36.9399948109501,67.2070845167031,63.593527527756386
14.999999999999998,75.5649063936126,-0.28870252776560773,1.0359528060977463,37.10537692105377,67.49863081905062,63.9143976378367
16.0,75.28524686239153,-0.2706151915023258,1.036415747329938,37.2812010087356,67.77040306053513,64.23347319862911
17.0,75.02367374251463,-0.2525346162869468,1.0351904289604619,37.46728962020921,68.022355253462,64.55087782514121
18.0,74.7801657599224,-0.23448960467821256,1.0323536557580253,37.66345832660467,68.25447022674552,64.86672330467292
19.0,74.55467352176055,-0.2165075789091776,1.0279866325360216,37.86951638353245,68.46675826349231,65.18110900227457
20.0,74.34712093226081,-0.198614512596515,1.0221739950154085,38.08526738623245,68.6592556805659,65.49412140397553
21.0,74.15740666855847,-0.1808348790460148,1.015002879110385,38.31050991584172,68.83202336769342,65.80583379199427
22.0,73.98540570021792,-0.16319161538844124,1.0065620392086632,38.54503817271912,68.98514530251558,66.11630604489193
23.0,73.83097083708985,-0.14570610161326644,0.9969410239710408,38.78864259319478,69.11872705667656,66.42558455463411
24.000000000000004,73.69393429112412,-0.1283981534366843,0.9862294161618931,39.04111044655013,69.23289430664576,66.7337022517731
25.0,73.57410923887807,-0.1112860278436096,0.9745161410970172,39.30222640948495,69.32779136149829,67.04067872943736
26.0,73.47129137265382,-0.09438644007920162,0.9618888465011516,39.57177311576793,69.40357971839308,67.34652045650648
27.0,73.38526042944348,-0.077714590831197,0.9484333549370528,39.84953167920189,69.46043665500797,67.65122107022944
28.0,73.31578168812419,-0.06128420233694757,0.9342331885234583,40.135282188447604,69.49855386674858,67.95476173859748
29.000000000000004,73.26260742660592,-0.04510756216515839,0.9193691644133638,40.42880417264312,69.51813615516427,68.25711158298057
29.999999999999996,73.22547833186796,-0.029195573458396545,0.9039190584611259,40.72987703712291,69.51940017269786,68.55822815185796
31.0,73.20412485700895,-0.013557810474961919,0.8879573336641704,41.03828046887503,69.50257322768061,68.85805793689573
32.0,73.19826852056516,0.0017974216657435976,0.871554929313922,41.353794811683244,69.46789215236853,69.15653692312291
33.0,73.2076231444099,0.01686302405489258,0.8547791063178718,41.67620141116973,69.41560223580728,69.45359116551654
34.0,73.231896027528,0.03163303882134884,0.8376933438442292,42.0052829301982,69.34595622241169,69.7491373849021
35.0,73.27078905385355,0.04610258256636,0.8203572822740184,42.340823635301916,69.25921337635465,70.04308357669528
36.0,73.32399973316848,0.06026777916988608,0.8028267074034361,42.68260965497911,69.15563861117315,70.33532962663931
37.0,73.39122217477838,0.074125692644777,0.7851535709023247,43.03042921084409,69.03550168341498,70.62576792831544
38.0,73.4721479943159,0.08767426062903695,0.7673860421836806,43.384072822740634,68.89907644866105,70.91428399781483
39.0,73.5664671545705,0.10091222902365632,0.7495685870563231,43.74333348901743,68.74664017785844,71.20075708154624
40.0,73.67386874171042,0.11383908820500355,0.7317420688016246,44.10800684323122,68.57847293158261,71.4850607537148
41.0,73.79404167865542,0.12645501116731309,0.7139438676207187,44.477891288592474,68.3948569896032,71.76706350053067
42.0,73.92667537767981,0.13876079388290188,0.6962080147277729,44.85278811149417,68.19607633295162,72.04662928869647
43.0,74.07146033458064,0.15075779810571546,0.6785653377065518,45.23250157547486,67.98241617557069,72.32361811617221
44.0,74.22808866694417,0.16244789678777063,0.6610436140921342,45.61683899696273,67.75416254255873,72.5978865436268
45.0,74.39625459918707,0.1738334222280187,0.6436677304796683,46.005610804130264,67.5116018919989,72.86928820535634
46.0,74.57565489714528,0.18491711702895486,0.6264598447912434,46.3986305801608,67.2550207773786,73.13767429878183
47.0,74.76598925504072,0.1957020878977115,0.6094395496457653,46.79571509219333,66.98470554764907,73.40289405193238
48.00000000000001,74.96696063767365,0.20619176229511268,0.5926240350716356,47.19668430716514,66.70094208204706,73.6647951685803
49.0,75.17827558067886,0.21638984790787102,0.5760282490758407,47.60136139572644,66.40401555689242,73.92322425091743
50.0,75.39964445164638,0.22630029489537926,0.5596650548343218,48.009572725344974,66.0942102416825,74.17802719985713
51.0,75.63078167484852,0.23592726084303123,0.5435453834966615,48.421147843663185,65.77180932192461,74.42904959320964
52.0,75.87140592223922,0.2452750783382438,0.5276783818031958,48.83591945311317,65.4370947462753,74.67613704211642
53.0,76.12124027330094,0.25434822507298593,0.5120715538951754,49.253723377733905,65.09034709568968,74.91913552624325
54.0,76.38001234621395,0.2631512963672476,0.4967308968594465,49.67439852307792,64.73184547241988,75.15789170832272
55.0,76.64745440271267,0.2716889800011234,0.4816610296894827,50.097786830034224,64.36186740683942,75.39225322871015
56.0,76.92330342888022,0.27996603323872543,0.46686531546582033,50.523733223337516,63.98068878020668,75.62206898067198
57.00000000000001,77.20730119401276,0.2879872619246319,0.4523459766625183,50.95208555547708,63.58858376161494,75.8471893671658
58.00000000000001,77.4991942895668,0.2957575015327219,0.4381042035737152,51.38269454666541,63.18582475750624,76.06746653989849
59.00000000000001,77.79873415008146,0.3032816000478155,0.4241402559272093,51.815413721472765,62.77268237225271,76.28275462146499
59.99999999999999,78.10567705784969,0.31056440256223333,0.41045355781178827,52.250099342686056,62.34942537843003,76.49290991137576
61.0,78.41978413299525,0.3176107374720437,0.3970427860932172,52.686610342901226,61.91632069552188,76.69779107677972
62.0,78.7408213104991,0.3244254041611627,0.3839059525317528,53.124808254315276,61.47363337590471,76.89725932867958
63.0,79.0685593056087,0.33101316206545256,0.3710404798430828,53.56455713714037,61.02162659706386,77.09117858442285
64.0,79.4027735689581,0.3373787210133809,0.35844327196588105,54.005723507024356,60.56056165908994,77.27941561723185
65.0,79.7432442326255,0.3435267327445387,0.34611077881383706,54.44817626182403,60.090697986594144,77.4618401935133
66.0,80.0897560482593,0.34946178351224055,0.3340390557990369,54.89178660804406,59.612293134265876,77.63832519866274
67.0,80.44209831831137,0.35518838768149474,0.3222238184178424,55.33642798722147,59.12560279537463,77.80874675205082
68.0,80.8000648213308,0.36071098223870735,0.3106604921907503,55.78197600250761,58.63088081259052,77.9729843118488
69.0,81.1634537321907,0.36603392213456176,0.2993442582447873,56.228308345671174,58.12837919056487,78.13092077032115
70.0,81.53206753804321,0.3711614763864951,0.2882700948214651,56.67530472472129,57.61834810977422,78.28244254018115
71.0,81.9057129507281,0.3760978248720808,0.2774328149856935,57.12284679232693,57.101035941188,78.42743963257527
72.0,82.28420081629342,0.3808470557493439,0.2668271008018151,57.570818075187915,56.576689261371655,78.56580572723043
73.0,82.66734602222485,0.3854131634445994,0.25644753423248,58.01910390449391,56.04555286768506,78.69743823526817
74.0,83.05496740292378,0.389800047152764,0.246288625004763,58.46759134759004,55.50786979327894,78.82223835515978
75.0,83.44688764392025,0.3940115097992582,0.23634483567602513,58.91616914095276,54.96388132163217,78.94011112226758
76.0,83.84293318525907,0.3980512574165642,0.2266106041197941,59.364727624564935,54.41382700040792,79.05096545238864
77.0,84.24293412445174,0.4019228988922413,0.21708036363956662,59.81315867776656,53.857944654439244,79.1547141796912
78.0,84.64672411934517,0.4056299460487257,0.20774856090609334,60.261355656646344,53.296470397684985,79.25127408940718
79.0,85.05414029122117,0.40917581401854325,0.19860967190152884,60.709213333028735,52.72963864402186,79.34056594561962
80.0,85.46502312840454,0.4125638218816618,0.1896582160419208,61.15662783510195,52.15768211676401,79.42251451446026
81.0,85.87921639062701,0.41579719353460204,0.18088876863794676,61.60349658972499,51.5808318568215,79.49704858300987
82.0,86.29656701436441,0.4188790587636174,0.17229597184265935,62.04971826644366,50.99931722942966,79.56410097417256
83.0,86.71692501933856,0.4218124544967564,0.1638745442243131,62.49519272324007,50.413365929397465,79.62360855777553
84.0,87.14014341635107,0.42460032621194005,0.15561928909214093,62.93982095403389,49.82320398483908,79.67551225812625
85.0,87.56607811659417,0.4272455294803379,0.14752510169325633,63.38350503794953,49.22905575936657,79.71975705824184
86.0,87.99458784256534,0.42975083162629735,0.13958697538968923,63.82614809035865,48.63114395273322,79.75629200094815
87.0,88.42553404069223,0.4321189134869224,0.13180000691590013,64.26765421570387,48.029689599929036,79.78507018703095
88.0,88.8587807957613,0.43435237125606285,0.12415940080898957,64.70792846210752,47.42491206873802,79.80604877060637
89.0,89.29419474722633,0.43645371839902725,0.116660473096181,65.1468767777645,46.81702905577677,79.8191889518648
90.0,89.73164500746215,0.43842538762574046,0.10929865431701871,65.58440596911886,46.20625658104038,79.82445596732953
91.0,90.1710030820161,0.4402697329113612,0.10206949195105573,66.02042366081952,45.592808980988416,79.82181907775905
92.0,90.61214279189952,0.44198903155456015,0.09496865231559559,66.45483825745089,44.976898900209974,79.811251553812
93.0,91.05494019795292,0.4435854862647223,0.08799192199228369,66.88755890703158,44.35873728171069,79.79273065958311
94.0,91.49927352730921,0.4450612272703318,0.08113520883597512,67.31849546627463,43.738533355870146,79.76623763410873
95.0,91.94502310197358,0.4464183144416737,0.07439454261434512,67.74755846760151,43.116494628120535,79.73175767093271
96.00000000000001,92.39207126952988,0.4476587394218003,0.06776607532209859,68.17465908790128,42.49282686540205,79.6892798958151
97.0,92.84030233598065,0.4487844277604311,0.061246081209393226,68.59970911902676,41.86773408145143,79.63879734265865
98.0,93.28960250072012,0.44979724104611873,0.054830956560150475,69.02262094001928,41.24141852098416,79.58030692772141
99.0,93.73985979363667,0.45069897903259687,0.04851721925231541,69.4433074910523,40.614080642831276,79.51380942217843
100.0,94.19096401433768,0.4514913817557637,0.042301508128776685,69.86168224908656,39.98591910209421,79.43930942308845
101.0,94.64280667348487,0.4521761316382203,0.03618058220458668,70.27765920522702,39.357130731381744,79.35681532281804
102.0,95.09528093622734,0.45275485557871176,0.03015131973329001,70.691152843774,38.72791052119455,79.26633927697003
103.0,95.54828156771504,0.4532291270241936,0.024210717152558816,71.10207812295978,38.0984515995236,79.16789717085896
104.0,96.00170488067519,0.45360046802257165,0.01835588792695063,71.5103504573629,37.46894521072849,79.06150858457349
105.00000000000001,96.45544868503086,0.4538703512544639,0.012584061303393946,71.91588570199285,36.83958069376348,78.94719675666084
106.0,96.90941223954029,0.45404020204257706,0.006892580993003305,72.31860013803657,36.21054545981775,78.82498854646721
107.0,97.36349620543395,0.4541114003375237,0.001278903790960507,72.71841046026081,35.58202496943761,78.69491439516375
108.0,97.81760260202502,0.45408528267908294,-0.004259401855482409,73.11523376606183,34.95420270919753,78.55700828548667
109.0,98.27163476426882,0.45396314413207994,-0.009724657322388308,73.50898754615669,34.327260167987205,78.41130770021783
110.0,98.72549730224486,0.4537462401961868,-0.015119075320832375,73.89958967690804,33.70137681298131,78.25785357942976
111.0,99.17909606253548,0.4534357886890685,-0.02044476143913868,74.28695841427623,33.07673006535802,78.09669027651873
112.0,99.6323380914742,0.4530329716023749,-0.02570371571106579,74.67101238939105,32.45349527583254,77.92786551304792
113.0,100.08513160023611,0.45253893693016767,-0.030897834206438737,75.05167060573646,31.831845700070563,77.75143033242132
114.00000000000001,100.53738593174303,0.4519548004694047,-0.036028910641701654,75.42885243794031,31.211952474046633,77.56743905240938
115.0,100.98901152935473,0.45128164759215544,-0.041098638008764274,75.80247763216128,30.593984589411093,77.37594921654629
116.00000000000001,101.43991990731838,0.4505205349892337,-0.046108610221322274,76.17246630806511,29.97810886892904,77.17702154441845
117.0,101.89002362294693,0.44967249238494617,-0.0510603237785603,76.53873896238024,29.364489942053872,76.97071988086454
118.00000000000001,102.33923625049805,0.4487385242226473,-0.055955179446802665,76.90121647402461,28.753290220696503,76.7571111441064
119.0,102.78747235672343,0.4477196113207805,-0.060794483960260964,77.2598201107918,28.14466987525147,76.53626527283178
119.99999999999999,103.23464747805963,0.4466167124990566,-0.06557945174254579,77.61447153758593,27.53878681093926,76.30825517224903
121.0,103.68067809942981,0.4454307661743902,-0.07031120665106294,77.96509282619272,26.935796644523442,76.07315665913586
122.0,104.12548163462611,0.444162691926172,-0.07499078374681171,78.31160646657275,26.335852681460633,75.83104840590377
123.00000000000001,104.56897640824185,0.442813392030412,-0.0796191310924375,78.65393537966241,25.739105893539204,75.5820118837018
124.0,105.01108163912198,0.44138375296222887,-0.08419711158166644,78.99200293166503,25.145704897062245,75.32613130458378
125.00000000000001,105.45171742530022,0.43987464686611455,-0.0887255048034855,79.32573294981555,24.555795931628744,75.06349356276414
126.0,105.89080473038962,0.43828693299333144,-0.09320500894459262,79.65504973959753,23.969522839565816,74.79418817498933
127.00000000000001,106.32826537139435,0.4366214591057466,-0.09763624273377217,79.9798781033914,23.387027046062865,74.518307220053
128.0,106.76402200790774,0.4348790628453373,-0.1020197474319169,80.30014336052999,22.808447540058182,74.23594527748438
129.0,107.19799813266269,0.43306057306853646,-0.10635598887144056,80.6157713687356,22.233920855925817,73.94719936544101
130.0,107.63011806339821,0.4311668111445296,-0.1106453595488014,80.92668854691041,21.66358105601006,73.65216887783869
131.0,108.06030693600593,0.4291985922165358,-0.11488818077377433,81.23282189924913,21.09755971405228,73.35095552075364
132.0,108.48849069891915,0.42715672642505936,-0.11908470487900126,81.53409904064218,20.535985899553967,73.04366324813209
133.0,108.9145961087052,0.4250420200920246,-0.12323511749316636,81.83044822333177,19.97898616311781,72.73039819684703
134.0,109.3385507268225,0.4228552768646588,-0.12733953988094324,82.12179836478467,19.42668452280619,72.41126862114072
135.0,109.76028291750038,0.4205972988179335,-0.13139803135259673,82.40807907673891,18.879202451555923,72.08638482649555
136.0,110.17972184670045,0.4182688875143191,-0.13541059174582284,82.68922069538111,18.336658865684374,71.75585910297735
137.0,110.59679748211553,0.41587084501958,-0.13937716398207003,82.96515431260718,17.799170114521807,71.41980565809644
138.0,111.01144059416234,0.4134039748732882,-0.14329763669920248,83.23581180831717,17.266849971200987,71.07834054923407
139.0,111.42358275792091,0.4108690830127118,-0.1471718469619391,83.50112588369022,16.739809624634354,70.73158161568443
140.0,111.83315635597434,0.4082669786487105,-0.1509995830510492,83.76103009538404,16.21815767270576,70.3796484103633
141.0,112.24009458209996,0.4055984750922591,-0.1547805873317887,84.01545889060037,15.702000116701681,70.02266213123664
142.0,112.64433144576138,0.4028643905302179,-0.1585145592015337,84.26434764295311,15.191440357005034,69.66074555252467
143.0,113.04580177735092,0.40006554874896694,-0.16220115811601452,84.50763268907504,14.686579190071102,69.29402295573777
144.0,113.44444123412833,0.3972027798045471,-0.16584000669296423,84.74525136589355,14.187514806703616,68.92262006060362
145.0,113.84018630680315,0.39427692063796793,-0.16943069389139848,84.97714204850567,13.694342791645617,68.54666395594455
146.0,114.23297432670357,0.3912888156343845,-0.17297277826410482,85.2032441885765,13.20715612449797,68.16628303056832
147.0,114.62274347347666,0.38823931712489007,-0.17646579128028939,85.42349835318609,12.726045181974245,67.78160690423358
148.0,115.00943278326058,0.3851292858297317,-0.17990924071466494,85.63784626404299,12.251097741500011,67.39276635875623
149.0,115.39298215727075,0.38195959124182793,-0.1833026140986093,85.84623083698439,11.782398986159503,66.99989326932038
150.0,115.77333237073876,0.3787311119495438,-0.1866453822283585,86.04859622167652,11.320031510991798,66.60312053606171
151.0,116.15042508214376,0.37544473589778465,-0.189937002724539,86.24488784142974,10.864075330634458,66.20258201598963
152.0,116.52420284267339,0.3721013605865559,-0.19317692363669114,86.4350524330386,10.414607888310323,65.79841245531686
153.0,116.89460910585196,0.3687018932062751,-0.1963645870857995,86.61903808655691,9.971704066150417,65.39074742226423
154.0,117.26158823727172,0.3652472507092295,-0.1994994329372286,86.79679428491472,9.535436196842424,64.9797232404102
155.0,117.62508552436394,0.36173835981672475,-0.20258090249586674,86.96827194328473,9.10587407659217,64.56547692265325
156.0,117.98504718614436,0.35817615696160887,-0.20560844221472135,87.13342344810212,8.683084979382116,64.14814610585664
157.0,118.34142038286913,0.3545615881660207,-0.20858150740768483,87.29220269564352,8.267133672508184,63.72786898624349
158.0,118.69415322553596,0.350895608854371,-0.21149956595670324,87.44456513006816,7.8580824333739265,63.30478425561061
159.0,119.04319478516594,0.3471791836017448,-0.21436210200315425,87.59046778082597,7.455991067517777,62.879031038427954
160.0,119.38849510180172,0.34341328581809194,-0.2171686196128465,87.72986929933587,7.060916927846776,62.45074882989047
161.0,119.73000519315778,0.3395988973687588,-0.2199186464037428,87.86272999483904,6.672914935047707,62.0200774349872
162.0,120.06767706285993,0.3357370081321133,-0.2226117371252405,87.98901186933273,6.292037599144063,61.587156908651295
163.0,120.4014637082114,0.33182861549520226,-0.22524747717765328,88.10867865149086,5.918335042164596,61.15212749705317
164.0,120.73131912742352,0.32787472378858956,-0.227825486060412,88.22169582947923,5.5518550218877625,60.71512958009733
165.0,121.0571983262524,0.32387634366171647,-0.2303454207374632,88.3280306825765,5.192642956623157,60.27630361517985
166.0,121.37905732398093,0.31983449140033116,-0.2328069789083567,88.42765231151147,4.840741950989987,59.83579008226387
167.0,121.69685315869033,0.3157501881877337,-0.2352099021736388,88.52053166743335,4.496192822650478,59.39372943032503
168.0,122.0105438917657,0.31162445931177724,-0.23755397908333692,88.60664157943157,4.1590341299541045,58.95026202521805
169.0,122.32008861158221,0.3074583333197645,-0.2398390480576022,88.68595678052752,3.8293022004475468,58.505528099011656
170.0,122.62544743632128,0.3032528411235613,-0.24206500016891455,88.75845393206271,3.5070311602036455,58.05966770083624
171.0,122.92658151586778,0.29900901505743477,-0.24423178177568183,88.82411164641252,3.1922529639212502,57.6128206492856
172.0,123.2234530327427,0.29472788789129273,-0.24633939699757096,88.88291050795873,2.884997425747393,57.16512648640992
173.0,123.51602520202778,0.29041049180216966,-0.2483879100234834,88.93483309225965,2.5852922507719693,56.71672443333402
174.0,123.8042622702423,0.2860578573069524,-0.25037744724373695,88.97986398336049,2.2931630671447216,56.26775334753084
175.0,124.0881295131342,0.2816710121594825,-0.25230819919872466,89.01798978919189,2.0086334587636987,55.81835168177665
176.0,124.36759323235194,0.2772509802153026,-0.2541804223371125,89.04919915501131,1.7317249984847667,55.36865744480933
177.0,124.64262075096634,0.27279878026742094,-0.25599444057745396,89.0734827748461,1.4624572818007255,54.918808163708604
178.0,124.91318040781537,0.2683154248565777,-0.2577506466679953,89.09083340090385,1.2008479609399174,54.468940848011016
179.0,125.17924155064738,0.26380191905956873,-0.2594495033403658,89.1012458509213,0.9469127793339105,54.01919195556992
180.0,125.44077452804382,0.2592592592592593,-0.2610915442538123,89.10471701342988,0.700665606404618,53.569697360165094
181.0,125.69775068010394,0.25468843189996193,-0.26267737472762637,89.1012458509213,0.4621184726222829,53.120592320862855
182.0,125.95014232787922,0.25009041223189155,-0.2642076722604243,89.09083340090383,0.23128160478637483,52.672011453123744
183.0,126.19792276154837,0.24546616304841873,-0.2656831868359633,89.0734827748461,0.008163461483141177,52.22408870164897
184.0,126.44106622732757,0.24081663341984516,-0.26710474101620285,89.0491991550113,-0.207229231325595,51.776957314954586
185.0,126.67954791311404,0.2361427574273996,-0.2684732298233404,89.01798978919189,-0.41489144462551053,51.33074982165658
186.0,126.9133439328656,0.23144545290111385,-0.26978962041356075,88.97986398336047,-0.6148198106270026,50.885598008446365
187.0,127.1424313097214,0.22672562016518624,-0.27105495154622233,88.93483309225965,-0.8070125870360876,50.441632899732795
188.0,127.36678795787303,0.22198414079435877,-0.2722703328531601,88.8829105079587,-0.9914696213565861,49.99898473892191
189.0,127.58639266319932,0.21722187638475435,-0.27343694391369905,88.82411164641252,-1.1681923152599758,49.55778297130266
190.0,127.80122506268036,0.21243966734250438,-0.27455603314185645,88.75845393206272,-1.337183589055094,49.118156228502514
191.0,128.01126562261038,0.20763833169338755,-0.2756289164930156,88.6859567805275,-1.4984478462893218,48.68023231447414
192.00000000000003,128.21649561563223,0.20281866391655606,-0.27665697599813066,88.60664157943151,-1.6519909385091651,48.244138192970404
193.0,128.41689709661867,0.1979814338052895,-0.27764165813421393,88.52053166743336,-1.7978201302056842,47.809999976462095
194.0,128.61245287742926,0.1931273853575475,-0.2785844720404851,88.42765231151147,-1.9359440639680887,47.37794291644998
195.0,128.8031465005737,0.18825723569893266,-0.27948698759012636,88.32803068257648,-2.066372725864877,46.94809139511964
196.0,128.98896221181522,0.18337167404049293,-0.2803508333280539,88.22169582947922,-2.1891174110704004,46.5205689182859
197.0,129.16988493175066,0.17847136067360542,-0.2811776942855278,88.10867865149083,-2.304190689750728,46.09549810956993
198.0,129.34590022640393,0.1735569260039993,-0.28196930968273204,87.98901186933273,-2.4116063732204456,45.67300070575196
199.0,129.51699427687495,0.16862896962676802,-0.2827274705306924,87.86272999483903,-2.5113794803787783,45.25319755323842
200.0,129.68315384808383,0.16368805944403444,-0.2834540171440529,87.72986929933587,-2.603526204430585,44.836208605583394
201.00000000000003,129.84436625665518,0.1587347308267159,-0.284150836576295,87.59046778082597,-2.688063879894953,44.422152921999924
202.0,130.00061933798662,0.15376948582164984,-0.28481985998897114,87.44456513006814,-2.7650109499011943,44.011148666798135
203.0,130.15190141254772,0.14879279240512322,-0.2854630599664264,87.29220269564351,-2.834386933769034,43.603313109684365
204.0,130.29820125145554,0.14380508378366577,-0.28608244778730896,87.13342344810214,-2.896212394867213,43.198762626856045
205.0,130.43950804137555,0.13880675774275894,-0.28668007066391643,86.96827194328473,-2.9505089087419805,42.797612702825234
206.0,130.5758113487949,0.13379817604392907,-0.28725800896010445,86.79679428491472,-2.997299031504058,42.399977932904676
207.0,130.7071010837173,0.12877966387051223,-0.2878183733980912,86.61903808655691,-3.036606268460549,42.00597202628919
208.0,130.8333674628281,0.12375150932218945,-0.28836330226403534,86.43505243303862,-3.0684550429748825,41.61570780966548
209.0,130.9546009721782,0.11871396295824034,-0.2888949586217471,86.24488784142974,-3.0928706655368003,41.2292972312838
210.00000000000003,131.07079232943533,0.1136672373892887,-0.28941552754332106,86.04859622167652,-3.109879303020831,40.84685136542508
211.0,131.18193244575158,0.10861150691717596,-0.2899272133648581,85.84623083698439,-3.1195079481102503,40.468480417197554
212.0,131.2880123872943,0.10354690722245773,-0.29043223697477333,85.63784626404299,-3.1217843888613253,40.094293727597794
213.0,131.38902333648812,0.09847353509889316,-0.2909328331414809,85.42349835318609,-3.1167371783804985,39.72439977877133
214.0,131.48495655301485,0.09339144823418787,-0.2914312478865029,85.20324418857652,-3.104395604585621,39.35890619940959
215.0,131.57580333461664,0.0883006650361482,-0.2919297359082722,84.97714204850566,-3.084789660020526,38.997919770219625
216.0,131.66155497774776,0.08320116450332483,-0.29243055806110363,84.74525136589357,-3.057950011690604,38.64154642940565
217.0,131.74220273811892,0.07809288613914589,-0.2929359788929841,84.50763268907504,-3.0239079708858725,38.289891278100576
218.0,131.81773779117665,0.07297572990849133,-0.29344826424499487,84.26434764295311,-2.9826954629563787,37.94305858568869
219.00000000000003,131.8881511925608,0.06784955623561095,-0.29396967891432785,84.01545889060036,-2.9343449970041995,37.6011517949597
220.0,131.95343383857917,0.06271418604226887,-0.2945024843819997,83.76103009538407,-2.87888963545468,37.26427352703765
221.0,132.01357642674083,0.05756940082497758,-0.2950489366055,83.50112588369022,-2.8163629634691496,36.932525586026834
222.0,132.0685694163851,0.052414942770195906,-0.29561128387574376,83.23581180831721,-2.7467990581603985,36.606008963320036
223.0,132.11840298944458,0.04725051490638055,-0.2961917647368235,82.96515431260718,-2.6702324575720446,36.2848238415141
224.0,132.1630670113782,0.04207578129181087,-0.2967926059662017,82.6892206953811,-2.586698129381741,35.969069597878786
225.0,132.20255099230923,0.03689036723716403,-0.29741602061210587,82.40807907673891,-2.496231439288806,35.658844807326616
226.0,132.23684404840347,0.03169385956187092,-0.2980642060840423,82.1217983647847,-2.3988681190460213,35.35424724483067
227.0,132.2659348635195,0.026485806883374464,-0.2987393422914839,81.83044822333174,-2.29464423409593,35.055373887239796
228.00000000000003,132.28981165116508,0.021265719938490867,-0.2994435898249466,81.53409904064218,-2.1835961507714963,34.762320914438995
229.0,132.3084621167901,0.016033071936199437,-0.30017908817282146,81.23282189924915,-2.0657605030222506,34.47518370980533
230.0,132.3218734204481,0.010787298941290898,-0.300947953966502,80.9266885469104,-1.941174158626243,34.19405685990786
230.99999999999997,132.3300321398566,0.005527800288461416,-0.3017522792455086,80.6157713687356,-1.80987418485023,33.91903415340208
232.00000000000003,132.33292423388664,0.0002539390265741467,-0.30259412973348876,80.30014336052997,-1.67189781352009,33.650208579067325
233.0,132.33053500651152,-0.005034957607009813,-0.30347554311514663,79.97987810339139,-1.5272824054651686,33.38767232293722
234.0,132.3228490712452,-0.010339597681962121,-0.30439852730333156,79.65504973959752,-1.3760654143009,33.13151676447071
235.0,132.30985031609998,-0.015660724040099376,-0.30536505868468405,79.32573294981557,-1.2182843495157307,32.88183247171235
236.00000000000003,132.2915218690947,-0.02099911372960032,-0.30637708033141264,78.99200293166501,-1.053976738829764,32.63870919538859
237.00000000000003,132.26784606434444,-0.026355577407621386,-0.307436500165932,78.65393537966241,-0.8831800897938287,32.40223586188536
238.0,132.23880440876363,-0.0317309587103664,-0.3085451890642461,78.3116064665728,-0.7059318506001588,32.17250056505187
239.0,132.20437754941628,-0.03712613358940991,-0.30970497888310083,77.96509282619272,-0.5222693700774741,31.94959055677306
239.99999999999997,132.16454524154656,-0.04254200961280843,-0.31091766039504765,77.61447153758593,-0.332229856845629,31.73359223625155
241.00000000000003,132.11928631732752,-0.04797952522924869,-0.31218498111466964,77.2598201107918,-0.13585033760754328,31.52459113793756
242.0,132.06857865536438,-0.05343964899317412,-0.3135086429982942,76.90121647402461,0.06683238544062675,31.32267191804343
243.0,132.01239915099333,-0.058923378748530916,-0.31489029999857876,76.53873896238024,0.2757817780984624,31.127918339575608
244.0,131.95072368741833,-0.06443174076842163,-0.3163315554543732,76.1724663080651,0.49096161856173737,30.940413255815315
245.00000000000003,131.8835271077319,-0.06996578884761716,-0.3178339592952578,75.80247763216127,0.7123360427442158,30.76023859217456
246.00000000000003,131.81078318786788,-0.07552660334450492,-0.31939900503911395,75.4288524379403,0.939869590526488,30.587475326351576
247.0,131.73246461053924,-0.081115290168666,-0.32102812655999846,75.05167060573646,1.1735272529332192,30.422203466705376
248.0,131.64854294021768,-0.0867329797098609,-0.32272269460247294,74.67101238939104,1.413274520235099,30.264502028765257
248.99999999999997,131.55898859921476,-0.09238082570378746,-0.32448401301737045,74.28695841427624,1.6590774309676277,30.114449009786505
250.00000000000003,131.46377084493147,-0.0980600040295195,-0.32631331469277386,73.89958967690804,1.910902621852447,29.972121361259084
251.0,131.36285774834667,-0.10377171143306693,-0.32821175715271617,73.50898754615667,2.1687173786013147,29.837594959270703
252.0,131.2562161738214,-0.10951716417101384,-0.33018041779481755,73.1152337660618,2.4324896875766484,29.710944572620964
253.0,131.1438117603022,-0.11529759656766657,-0.33222028873671466,72.7184104602608,2.702188288274673,29.592243828577097
254.00000000000003,131.02560890401358,-0.12111425947861269,-0.3343322712397426,72.31860013803659,2.9777827265904726,29.48156517615674
255.00000000000003,130.90157074273674,-0.12696841865302635,-0.3365171696768907,71.91588570199285,3.2592434088150704,29.378979846816378
256.0,130.77165914178005,-0.13286135298647175,-0.33877568501057337,71.51035045736292,3.54654165630663,29.284557812418328
257.0,130.63583468175537,-0.13879435265532963,-0.3411084077442277,71.10207812295977,3.839649760767095,29.19836774034268
258.0,130.49405664828274,-0.1447687171233442,-0.3435158103102175,70.69115284377403,4.138541040045489,29.12047694560338
259.0,130.3462830237568,-0.1507857530101122,-0.34599823885493947,70.27765920522702,4.443189894378001,29.050951339821417
260.0,130.1924704813185,-0.15684677181063847,-0.3485559043804495,69.86168224908656,4.7535718629619055,28.989855376900522
261.0,130.03257438118604,-0.16295308745436424,-0.3511888732003424,69.44330749105231,5.069663680747496,28.937251995244253
262.0,129.86654876951255,-0.16910601369131456,-0.35389705666604454,69.0226209400193,5.391443335317295,28.89320255634553
263.0,129.69434637994928,-0.17530686129224213,-0.35668020011814505,68.59970911902676,5.71889012370686,28.85776677957316
264.0,129.51591863810768,-0.181556935048831,-0.35953787101590123,68.17465908790126,6.051984709003811,28.831002672972225
265.0,129.33121566912695,-0.18785753055920124,-0.3624694461966463,67.74755846760151,6.390709176544284,28.812966459888635
266.0,129.1401863085703,-0.19420993078309484,-0.36547409821552407,67.31849546627463,6.735047089506072,28.803712501220943
267.0,128.94277811688798,-0.2006154023502489,-0.3685507807148068,66.88755890703155,7.084983543676444,28.803293213096236
268.0,128.738937397702,-0.20707519160457694,-0.37169821277108067,66.4548382574509,7.440505221151156,28.8117589797608
269.0,128.5286092201873,-0.21359052036584752,-0.37491486216779535,66.02042366081952,7.801600442694859,28.829158061470114
270.0,128.3117374458396,-0.2201625813896601,-0.378198927540214,65.58440596911886,8.16825921846971,28.855536497158063
271.0,128.08826475994297,-0.2267925335055577,-0.3815483193396148,65.14687677776453,8.540473296808624,28.890938001660842
272.0,127.85813270806875,-0.23348149641221627,-0.3849606395638539,64.70792846210752,8.918236210681712,28.935403857267232
273.0,127.62128173795993,-0.24023054510771893,-0.38843316020210084,64.26765421570387,9.301543321471726,28.988972799364756
274.0,127.37765124717733,-0.24704070393202923,-0.3919628003428322,63.82614809035865,9.690391859640943,29.051680895950177
275.0,127.12717963690673,-0.2539129401978973,-0.39554610189608014,63.38350503794953,10.084780961835548,29.12356142077271
276.0,126.8698043723516,-0.2608481573856096,-0.3991792038836171,62.939820954033905,10.48471170393599,29.204644719880484
277.0,126.60546205015909,-0.2678471878762057,-0.4028578152542978,62.49519272324008,10.890187129520726,29.29495807134512
278.0,126.3340884733551,-0.27491078519707873,-0.4065771861863408,62.04971826644366,11.301212273168428,29.394525537944475
279.0,126.05561873428799,-0.2820396157532668,-0.41033207784402553,61.60349658972497,11.71779417797919,29.503367812593552
280.0,125.76998730610995,-0.2892342500172149,-0.4141167305632981,61.156627835101965,12.139941906646538,29.621502056324033
281.0,125.47712814335065,-0.2964951531494306,-0.41792483044925893,60.709213333028714,12.567666545364233,29.7489417286287
282.0,125.17697479216632,-0.3038226750222408,-0.4217494743786774,60.26135565664632,13.00098119979912,29.885696410004414
283.0,124.86946051087531,-0.3112170396188358,-0.42558313341271176,59.81315867776652,13.439900982307556,30.031771616551033
284.0,124.55451840141836,-0.3186783337799988,-0.42941761463914535,59.364727624564914,13.884442989517673,30.1871686065098
285.0,124.23208155240941,-0.3262064952714013,-0.43324402147993973,58.916169140952775,14.33462626934164,30.351884178657095
286.0,123.90208319447038,-0.33380130014512355,-0.43705271251895744,58.46759134759003,14.790471776423757,30.5259104625072
287.0,123.56445686856743,-0.34146234937021097,-0.4408332589266519,58.019103904493896,15.25200231496964,30.70923470032111
288.0,123.21913660809207,-0.34918905470863026,-0.44457440058358516,57.570818075187915,15.71924246784144,30.90183902096912
289.0,122.866057135453,-0.35698062381500534,-0.44826400103315056,57.12284679232693,16.192218510742112,31.103700205751835
290.0,122.50515407396425,-0.3648360445410695,-0.4518890014261173,56.67530472472129,16.670958310251837,31.314789446350353
291.0,122.13636417583317,-0.3727540684289207,-0.45543537365591363,56.228308345671174,17.155491204419462,31.53507209514989
292.0,121.75962556706608,-0.38073319338098,-0.4588880729241761,55.78197600250759,17.645847864553637,31.764507408264137
293.0,121.3748780101192,-0.388771645499127,-0.46223099002137974,55.33642798722147,18.142060136803508,32.00304828168049
294.0,120.98206318512645,-0.3968673600908863,-0.46544690365751684,54.89178660804409,18.64416086206694,32.25064098104933
295.0,120.58112499053645,-0.40501796184685956,-0.46851743323314465,54.44817626182405,19.152183672718166,32.50722486575453
296.0,120.1720098639822,-0.4132207442009316,-0.4714229925018101,54.00572350702438,19.666162764606277,32.772732108028016
297.0,119.7546671241906,-0.42147264789322647,-0.4741427446410895,53.56455713714039,20.186132642744816,33.04708740800878
298.0,119.32904933471634,-0.4297702387654224,-0.476654559321299,53.1248082543153,20.712127839089295,33.3302077057957
299.0,118.89511269024749,-0.438109684828999,-0.4789349724383546,52.68661034290122,21.24418260079014,33.622001891707725
300.0,118.45281742618512,-0.44648673265932076,-0.4809591492601385,52.25009934268603,21.78233054731091,33.922370516137676
301.0,118.00212825213866,-0.45489668318232357,-0.4827008518238395,51.81541372147274,22.32660429482226,34.23120550057651
302.0,117.54301480990456,-0.4633343669359628,-0.48413241151458086,51.38269454666539,22.877035046319204,34.54838985158271
303.0,117.07545215640576,-0.4717941189056862,-0.485224707852676,50.952085555477105,23.433652145970367,34.87379737968568
304.0,116.59942127196027,-0.4802697530519799,-0.4859471546171284,50.523733223337494,23.99648259629162,35.20729242543423
305.0,116.11490959411904,-0.48875453666861485,-0.4862676945354025,50.097786830034224,24.565550536848857,35.54872959503542
306.0,115.62191157716462,-0.497241164732588,-0.48615280387258786,49.674398523077926,25.14087668333766,35.89795350827086
307.0,115.12042927718743,-0.505721734430909,-0.48556750835503876,49.25372337773387,25.72247772606466,36.25479856162586
308.0,114.61047296246034,-0.5141877200753067,-0.4844754119622182,48.83591945311318,26.310365687070586,36.61908870981959
309.0,114.09206174860623,-0.5226299486435021,-0.48283874021314244,48.42114784366318,26.904547235390883,36.99063726917859
310.0,113.56522425780062,-0.5310385762148504,-0.4806183996574682,48.009572725344974,27.505022960250994,37.36924674654598
311.0,113.02999930096858,-0.5394030655986105,-0.47777405535224204,47.60136139572642,28.11178660234049,37.75470869766478
312.0,112.48643658162091,-0.5477121654847124,-0.4742642281595592,47.196684307165114,28.724824243710678,38.14680361920441
313.0,111.93459741962866,-0.5559538914792324,-0.47004641373322853,46.79571509219333,29.344113457291378,38.545300878817
314.0,111.37455549285691,-0.5641155094194884,-0.46507722506882254,46.3986305801608,29.96962241753031,38.94995868779999
315.0,110.80639759416651,-0.5721835213962126,-0.4593125604655865,46.00561080413025,30.601308974222782,39.36052412110344
316.0,110.23022440085026,-0.5801436549420139,-0.45270779868452293,45.61683899696277,31.239119692218992,39.776733189542426
317.0,109.64615125309479,-0.5879808558756071,-0.4452180229780299,45.23250157547485,31.88298886037507,40.198310969149965
318.0,109.05430893755579,-0.5956792853192112,-0.43679827550622263,44.85278811149417,32.5328374738443,40.62497179262516
319.0,108.45484447160416,-0.6032223214311425,-0.4274038434365852,44.477891288592495,33.18857219458935,41.05641950778512
320.0,107.84792188324862,-0.6105925664158836,-0.4169905777404337,44.10800684323122,33.85008429582392,41.49234780780651
321.0,107.23372298116949,-0.6177718593886196,-0.4055152453454471,43.743333489017445,34.51724859696256,41.932440637835654
322.0,106.61244810871698,-0.6247412956790989,-0.39293591487280427,43.38407282274065,35.18992239655515,42.376372682243804
323.0,105.98431687514245,-0.6314812531593008,-0.379212375675715,43.03042921084407,35.867944411601194,42.82380993639629
324.0,105.34956885674967,-0.6379714261694062,-0.36430658930037213,42.68260965497911,36.551133732563635,43.27441036628383
325.0,104.70846426008953,-0.6441908675953664,-0.3481831718094748,42.34082363530191,37.239288804313595,43.72782465872342
326.0,104.0612845387829,-0.6501180396176299,-0.3308099046438243,42.005282930198135,37.9321864441237,44.183697064066855
327.0,103.40833295506053,-0.6557308736027277,-0.3121582708533051,41.676201411169735,38.62958090866037,44.64166633245682
328.0,102.74993507666629,-0.6610068395462391,-0.292204012612538,41.35379481168325,39.33120302268733,45.1013667436396
329.0,102.08643919940121,-0.6659230253959101,-0.2709277049602549,41.03828046887506,40.0367593828539,45.56242922918087
330.0,101.41821668530339,-0.6704562264865244,-0.24831533968087272,40.729877037122876,40.74593165047735,46.02448258464663
331.0,100.74566220628319,-0.6745830452028786,-0.22435891220251214,40.42880417264309,41.458375947611785,46.48715476790774
332.0,100.06919388298257,-0.6782800008537312,-0.1990570033432173,40.13528218844762,42.17372237089354,46.95007427822336
333.0,99.3892533087186,-0.6815236495881397,-0.17241534672668055,39.84953167920192,42.89157463764151,47.41287160917133
334.0,98.70630544862212,-0.6842907140170447,-0.14444737174526723,39.57177311576795,43.61150987844014,47.875180766845354
335.0,98.02083840451174,-0.6865582220188035,-0.11517471111052095,39.302226409484966,44.333078589917804,48.33664084306176
336.0,97.33336303666118,-0.6883036540098174,-0.08462766134185269,39.04111044655013,45.055804760634146,48.79689763164031
337.0,96.64441243444068,-0.6895050977534424,-0.05284558404706606,38.788642593194794,45.779186181889784,49.255605274189
338.0,95.95454122884681,-0.6901414095657206,-0.01987723558872213,38.54503817271913,46.502694953855574,49.71242792026614
339.0,95.26432474118539,-0.6901923805597017,0.014218987248537754,38.31050991584168,47.225778195690424,50.16704138536696
340.0,94.57435796363686,-0.6896389063564526,0.04937489763237564,38.08526738623245,47.94785896627123,50.61913478892774
341.0,93.88525436910943,-0.6884631584862195,0.08551247644419714,37.86951638353245,48.66833739981886,51.06841215350829
342.0,93.1976445496574,-0.686648755514031,0.122543947694733,37.66345832660463,49.38659205808561,51.51459394555043
343.0,92.51217468479442,-0.6841809317571277,0.16037198038685374,37.46728962020923,50.10198149791148,51.95741853765763
344.0,91.82950484323422,-0.6810467013238789,0.1988900237477692,37.28120100873557,50.81384604990163,52.39664357224221
345.0,91.1503071239173,-0.6772350151021712,0.2379827804989197,37.105376921053725,51.52150980077794,52.832047206669976
346.0,90.47526364458555,-0.6727369082660289,0.27752682022660147,36.93999481095009,52.224282768681675,53.26342922072588
347.0,89.80506438861036,-0.6675456358581962,0.31739133200864916,36.78522449798089,52.92146325741656,53.690611968339695
348.0,89.14040492320316,-0.6616567940482986,0.3574390123099786,36.641227513900766,53.61234037240783,54.113441157051156
349.0,88.48198400449495,-0.6550684247643703,0.3975270808662799,36.508156460089424,54.29619667808764,54.53178644064974
350.0,87.83050108719993,-0.6477811015518161,0.43750841392998796,36.38615438160009,54.97231097358597,54.94554181276851
351.0,87.1866537586216,-0.6397979947281609,0.4772327809664931,36.27535416357541,55.63996116109207,55.35462579190991
352.0,86.55113511856096,-0.6311249141722538,0.5165481677794627,36.17587795581756,56.29842717912511,55.75898139137828
353.0,85.92463112819146,-0.6217703284086951,0.5553021662327264,36.08783663124637,56.94699397128933,56.15857587083057
354.0,85.30781795212269,-0.6117453590160195,0.593343408339148,36.011329283828644,57.58495445994108,56.55340026955629
355.0,84.70135931864756,-0.6010637497923355,0.6305230206119533,35.94644277132131,58.21161249360996,56.94346872507703
356.0,84.10590392351976,-0.5897418105447743,0.6666960733125336,35.89325130782024,58.82628573702028,57.328817584131734
357.0,83.522082902517,-0.5777983358179075,0.7017229986519827,35.851816110671336,59.42830847316657,57.7095043164914
358.0,82.95050739750562,-0.5652544993288149,0.7354709521560324,35.82218510577016,60.017034288097776,58.08560624524014
359.0,82.39176623972985,-0.5521337253198616,0.7678150923006756,35.80439269466431,60.591838610837655,58.45721911008433
360.0,81.84642377262611,-0.5384615384615387,0.7986397551531839,35.79845958619362,61.15212108316693,58.824455482829386
